disease,acc_both,f1_both,auc_both,precision_both,acc_phys,f1_phys,auc_phys,precision_phys,acc_socio,f1_socio,auc_socio,precision_socio
bp_diagnosed,0.627287853577371,0.6268859653813437,0.6502614747867116,0.624544981799272,0.6281198003327787,0.6274246270662935,0.6473212294206668,0.6229591836734694,0.5411813643926788,0.535968117074868,0.5542203304261094,0.5385495309997712
cholesterol_diagnosed,0.5525560022975301,0.5503889239605152,0.5631022871827537,0.551298210234434,0.5558587018954624,0.5551338651974734,0.5644994659992875,0.5570897503983006,0.5159391154508903,0.50557929900613,0.5166113115761968,0.5169265033407573
chd_diagnosed,0.7170542635658915,0.7144483026523156,0.779609022556391,0.6688311688311688,0.689922480620155,0.6881267732026208,0.7527518796992481,0.6510067114093959,0.624031007751938,0.6228483772358588,0.6993082706766917,0.5972222222222222
depr_diagnosed,0.6418875242404655,0.6389372140414662,0.6957900505730321,0.6245210727969349,0.6222796811032105,0.6178850211585102,0.6634270617842379,0.6049317012595352,0.6177547942253825,0.6127080401890244,0.6502467174797555,0.6000701631292755
diab_diagnosed,0.6459802538787024,0.64559109103586,0.6901945571735497,0.6362433862433863,0.6431593794076164,0.642942032734299,0.6786603803612637,0.635752688172043,0.5811001410437235,0.5807498631300425,0.6185943343677888,0.576
